ventilation_space_type_name
correctional_facilities_cell
correctional_facilities_dayroom
correctional_facilities_guard_stations
correctional_facilities_booking_waiting
educational_facilities_daycare
educational_facilities_classroom_young
educational_facilities_classroom_old
educational_facilities_lecture_classroom
educational_facilities_lecture_hall
educational_facilities_art_classroom
educational_facilities_science_laboratories
educational_facilities_wood_metal_shop
educational_facilities_computer_lab
educational_facilities_media_center
educational_facilities_music_theater_dance
educational_facilities_multiuse_assembly
educational_facilities_daycare_sickroom
educational_facilities_libraries
educational_facilities_university_college_laboratories
food_beverage_service_restaurant_dining_rooms
food_beverage_service_cafeteria_fast_food_dining
food_beverage_service_bars_cocktail_lounges
food_beverage_service_kitchen
general_conference_meeting
general_conference_corridors
general_conference_storage_rooms
general_break_rooms
general_coffee_stations
hotels_motels_resorts_dormitories_bedroom_living_room
hotels_motels_resorts_dormitories_barracks_sleeping_areas
hotels_motels_resorts_dormitories_lobbies_prefunction
hotels_motels_resorts_dormitories_multi_purpose_assembly
hotels_motels_resorts_dormitories_laundry_rooms
hotels_motels_resorts_dormitories_laundry_rooms_w_dwelling_units
office_buildings_office_space
office_buildings_reception_areas
office_buildings_telephone_data_entry
office_buildings_main_entry_lobbies
office_buildings_breakrooms
office_buildings_occupiable_storage_rooms
miscellaneous_spaces_bank_ vaults_safe_deposit
miscellaneous_spaces_computer
miscellaneous_spaces_pharmacy
miscellaneous_spaces_photo_studios
miscellaneous_spaces_shipping_receiving
miscellaneous_spaces_transportation_waiting
miscellaneous_spaces_warehouses
miscellaneous_spaces_banks_bank_lobbies
miscellaneous_spaces_freezer_refrigerated_spaces
miscellaneous_spaces_manufacturing_wo_hazardous_materials
miscellaneous_spaces_manufacturing_w_hazardous_materials
miscellaneous_spaces_sorting_packing_light_assembly
miscellaneous_spaces_telephone_closets
public_assembly_spaces_auditorium_seating_area
public_assembly_spaces_religious_workshop
public_assembly_spaces_courtrooms
public_assembly_spaces_legislative_chambers
public_assembly_spaces_libraries
public_assembly_spaces_lobbies
public_assembly_spaces_children_museums
public_assembly_spaces_museums_galleries
retail_sales
retail_mall_common_areas
retail_barbershop
retail_beauty_nail_salons
retail_pet_shops
retail_supermarket
retail_coin_operated_laundries
sports_entertainment_sports_arena
sports_entertainment_gym_stadium
sports_entertainment_spectator_areas
sports_entertainment_swimming
sports_entertainment_disco_dance_floors
sports_entertainment_health_club_aerobics_room
sports_entertainment_health_club_weight_rooms
sports_entertainment_bowling_alley
sports_entertainment_gambling_casinos
sports_entertainment_game_arcades
sports_entertainment_stages_studios
animal_facilities_animal_exam_room
animal_facilities_animal_imaging
animal_facilities_animal_operating_rooms
animal_facilities_animal_postoperative_recovery_room
animal_facilities_animal_preparation_rooms
animal_facilities_animal_procedure_room
animal_facilities_animal_surgery_scrub
animal_facilities_large_animal_holding_room
animal_facilities_necropsy
animal_facilities_small_animal_cage_room_static
animal_facilities_small_animal_cage_room_ventilated
outpatient_health_care_facilities_birthing_room
outpatient_health_care_facilities_class_1_imaging_rooms
outpatient_health_care_facilities_dental_operatory
outpatient_health_care_facilities_general_examination_room
outpatient_health_care_facilities_other_dental_treatment_areas
outpatient_health_care_facilities_physical_therapy_exercise_area
outpatient_health_care_facilities_physical_therapy_individual_room
outpatient_health_care_facilities_physical_therapeutic_pool_area
outpatient_health_care_facilities_prosthetics_orthotics_room
outpatient_health_care_facilities_psychiatric_consultation_room
outpatient_health_care_facilities_psychiatric_examination_room
outpatient_health_care_facilities_psychiatric_group_room
outpatient_health_care_facilities_psychiatric_seclusion_room
outpatient_health_care_facilities_speech_therapy_room
outpatient_health_care_facilities_urgent_care_examination_room
outpatient_health_care_facilities_urgent_care_observation_room
outpatient_health_care_facilities_urgent_care_treatment_room
outpatient_health_care_facilities_urgent_care_triage_room
transient_residential_common_corridors
transient_residential_dwelling_unit
